Workbook

Sheet Indexy_2015_100
A1: Roky | B1: Alkoholické nápoje, tabák | C1: Bydlení, voda, energie, paliva | D1: Doprava | E1: Informace a telekomunikace | F1: Odívání a obuv | G1: Osobní a sociální péče, různé zboží a služby | H1: Pojištění a finanční služby | I1: Potraviny a nealkoholické nápoje | J1: Rekreace, sport a kultura | K1: Stravovací a ubytovací služby | L1: Vybavení, zařízení a služby pro domácnost | M1: Vzdělávání | N1: Zdraví | O1: Úhrn
A2: 2015 | B2: 100 | C2: 100 | D2: 100 | E2: 100 | F2: 100 | G2: 100 | H2: 100 | I2: 100 | J2: 100 | K2: 100 | L2: 100 | M2: 100 | N2: 100 | O2: 100
A3: 2016 | B3: 104.4 | C3: 100.5 | D3: 98.4 | E3: 99 | F3: 101.9 | G3: 100.8 | H3: 101.8 | I3: 99.1 | J3: 102.5 | K3: 101.6 | L3: 99.7 | M3: 101.3 | N3: 102.6 | O3: 100.6
A4: 2017 | B4: 106.1 | C4: 102.2 | D4: 102 | E4: 97.3 | F4: 102.2 | G4: 102.8 | H4: 101 | I4: 104.1 | J4: 104.8 | K4: 107.3 | L4: 99.6 | M4: 103.3 | N4: 106.4 | O4: 103.1
A5: 2018 | B5: 109.4 | C5: 105.1 | D5: 104.8 | E5: 94.7 | F5: 101 | G5: 105.9 | H5: 103.5 | I5: 105.5 | J5: 107.6 | K5: 111.1 | L5: 101.1 | M5: 105.1 | N5: 110.4 | O5: 105.3
A6: 2019 | B6: 111.8 | C6: 110.8 | D6: 105.4 | E6: 92.1 | F6: 99.9 | G6: 109.6 | H6: 108.6 | I6: 108.5 | J6: 111.1 | K6: 115.8 | L6: 102.7 | M6: 107.9 | N6: 113.8 | O6: 108.2
A7: 2020 | B7: 120.2 | C7: 114 | D7: 105 | E7: 89.4 | F7: 103.5 | G7: 113.7 | H7: 111.7 | I7: 113.5 | J7: 115.2 | K7: 121.6 | L7: 105.7 | M7: 112 | N7: 116.6 | O7: 111.6
A8: 2021 | B8: 130.3 | C8: 117.1 | D8: 113.7 | E8: 89.4 | F8: 110.2 | G8: 116.6 | H8: 118.1 | I8: 114.2 | J8: 119.3 | K8: 126.7 | L8: 109.6 | M8: 114.5 | N8: 120.6 | O8: 116
A9: 2022 | B9: 138.5 | C9: 139.2 | D9: 134 | E9: 91.8 | F9: 130.7 | G9: 130.7 | H9: 124.5 | I9: 133.3 | J9: 135.5 | K9: 153.5 | L9: 122.6 | M9: 118.8 | N9: 130.8 | O9: 133.5
A10: 2023 | B10: 147.6 | C10: 162.5 | D10: 132.9 | E10: 94.8 | F10: 145.1 | G10: 145.9 | H10: 128.8 | I10: 148.8 | J10: 153.1 | K10: 175.4 | L10: 132 | M10: 127.1 | N10: 142.3 | O10: 147.8
A11: 2024 | B11: 155.2 | C11: 168.3 | D11: 135.3 | E11: 96.7 | F11: 148.8 | G11: 150.2 | H11: 134.6 | I11: 145.3 | J11: 159.8 | K11: 188.7 | L11: 132.7 | M11: 137.5 | N11: 148.3 | O11: 151.3
A12: 2025 | B12: 161.3 | C12: 171.2 | D12: 134.2 | E12: 98.5 | F12: 146 | G12: 154.1 | H12: 141 | I12: 151.5 | J12: 165.3 | K12: 198 | L12: 134.6 | M12: 149.5 | N12: 153.4 | O12: 155
A14: Růst 2015–2025 | B14: =(B12 - B2) / B2 -> 0.613 | C14: =(C12 - C2) / C2 -> 0.712 | D14: =(D12 - D2) / D2 -> 0.342 | E14: =(E12 - E2) / E2 -> -0.015 | F14: =(F12 - F2) / F2 -> 0.46 | G14: =(G12 - G2) / G2 -> 0.541 | H14: =(H12 - H2) / H2 -> 0.41 | I14: =(I12 - I2) / I2 -> 0.515 | ... O14: =(O12 - O2) / O2 -> 0.55
H16: Predikce 2025 (Potraviny): | I16: {=TREND(I2:I11, A2:A11, 2025)} -> 148.32
D17: Nejrychlejší růst od roku 2015 Nejvíce zdražily Stravovací a ubytovací služby (+98,0 %, cena se téměř zdvojnásobila). Druhé nejvyšší bylo Bydlení a energie (+71,2 %). Příběh dat (graf) • Doprava: Do roku 2020 stála na místě. V roce 2022 kvůli cenám paliv prudce vystřelila (+17,8 %), ale poté se uklidnila a dál už nerostla. • Potraviny: Skokově zdražily v letech 2022 a 2023. V roce 2024 dokonce mírně zlevnily a v roce 2025 zakončily s celkovým nárůstem o 51,5 %. • Restaurace a hotely: Rostly nejrychleji a bez jakéhokoliv zlevnění. Zdražení energií a surovin se natrvalo promítlo do cen jídel a služeb. Podobný vývoj kategorií Téměř totožně se v čase vyvíjelo Bydlení a Osobní péče (shoda přes 99 %). Obě oblasti reagovaly se stejným zpožděním na celkové zdražování. Jednoduchá predikce (Potraviny) • Odhad pro rok 2025: 148,3 bodu • Skutečnost v roce 2025: 151,5 bodu • Porovnání: Model trendu byl o 2,1 % nižší než realita, protože nepočítal s tak velkým cenovým skokem z let 2022–2023. • Odhad pro rok 2026: 154,0 bodu | H17: Predikce 2026 (Potraviny): | I17: {=TREND(I2:I11, A2:A11, 2026)} -> 153.97273
H18: Reál 2025: | I18: =I12 -> 151.5
H19: Odchylka modelu: | I19: =I16 - I18 -> -3.18

Sheet Mezirocni-zmeny
A1: Roky | B1: Alkoholické nápoje, tabák | C1: Bydlení, voda, energie, paliva | D1: Doprava | E1: Informace a telekomunikace | F1: Odívání a obuv | G1: Osobní a sociální péče, různé zboží a služby | H1: Pojištění a finanční služby | I1: Potraviny a nealkoholické nápoje | J1: Rekreace, sport a kultura | K1: Stravovací a ubytovací služby | L1: Vybavení, zařízení a služby pro domácnost | M1: Vzdělávání | N1: Zdraví | O1: Úhrn
A2: 2016 | B2: =(Indexy_2015_100!B3 - Indexy_2015_100!B2) / Indexy_2015_100!B2 -> 0.044 | C2: =(Indexy_2015_100!C3 - Indexy_2015_100!C2) / Indexy_2015_100!C2 -> 0.005 | D2: =(Indexy_2015_100!D3 - Indexy_2015_100!D2) / Indexy_2015_100!D2 -> -0.016 | E2: =(Indexy_2015_100!E3 - Indexy_2015_100!E2) / Indexy_2015_100!E2 -> -0.01 | F2: =(Indexy_2015_100!F3 - Indexy_2015_100!F2) / Indexy_2015_100!F2 -> 0.019 | G2: =(Indexy_2015_100!G3 - Indexy_2015_100!G2) / Indexy_2015_100!G2 -> 0.008 | H2: =(Indexy_2015_100!H3 - Indexy_2015_100!H2) / Indexy_2015_100!H2 -> 0.018 | I2: =(Indexy_2015_100!I3 - Indexy_2015_100!I2) / Indexy_2015_100!I2 -> -0.009 | ... O2: =(Indexy_2015_100!O3 - Indexy_2015_100!O2) / Indexy_2015_100!O2 -> 0.006
A3: 2017 | B3: =(Indexy_2015_100!B4 - Indexy_2015_100!B3) / Indexy_2015_100!B3 -> 0.016283525 | C3: =(Indexy_2015_100!C4 - Indexy_2015_100!C3) / Indexy_2015_100!C3 -> 0.016915423 | D3: =(Indexy_2015_100!D4 - Indexy_2015_100!D3) / Indexy_2015_100!D3 -> 0.036585366 | E3: =(Indexy_2015_100!E4 - Indexy_2015_100!E3) / Indexy_2015_100!E3 -> -0.017171717 | F3: =(Indexy_2015_100!F4 - Indexy_2015_100!F3) / Indexy_2015_100!F3 -> 0.0029440628 | G3: =(Indexy_2015_100!G4 - Indexy_2015_100!G3) / Indexy_2015_100!G3 -> 0.01984127 | H3: =(Indexy_2015_100!H4 - Indexy_2015_100!H3) / Indexy_2015_100!H3 -> -0.0078585462 | I3: =(Indexy_2015_100!I4 - Indexy_2015_100!I3) / Indexy_2015_100!I3 -> 0.050454087 | ... O3: =(Indexy_2015_100!O4 - Indexy_2015_100!O3) / Indexy_2015_100!O3 -> 0.024850895
A4: 2018 | B4: =(Indexy_2015_100!B5 - Indexy_2015_100!B4) / Indexy_2015_100!B4 -> 0.031102733 | C4: =(Indexy_2015_100!C5 - Indexy_2015_100!C4) / Indexy_2015_100!C4 -> 0.028375734 | D4: =(Indexy_2015_100!D5 - Indexy_2015_100!D4) / Indexy_2015_100!D4 -> 0.02745098 | E4: =(Indexy_2015_100!E5 - Indexy_2015_100!E4) / Indexy_2015_100!E4 -> -0.02672148 | F4: =(Indexy_2015_100!F5 - Indexy_2015_100!F4) / Indexy_2015_100!F4 -> -0.011741683 | G4: =(Indexy_2015_100!G5 - Indexy_2015_100!G4) / Indexy_2015_100!G4 -> 0.030155642 | H4: =(Indexy_2015_100!H5 - Indexy_2015_100!H4) / Indexy_2015_100!H4 -> 0.024752475 | I4: =(Indexy_2015_100!I5 - Indexy_2015_100!I4) / Indexy_2015_100!I4 -> 0.013448607 | ... O4: =(Indexy_2015_100!O5 - Indexy_2015_100!O4) / Indexy_2015_100!O4 -> 0.021338506
A5: 2019 | B5: =(Indexy_2015_100!B6 - Indexy_2015_100!B5) / Indexy_2015_100!B5 -> 0.021937843 | C5: =(Indexy_2015_100!C6 - Indexy_2015_100!C5) / Indexy_2015_100!C5 -> 0.054234063 | D5: =(Indexy_2015_100!D6 - Indexy_2015_100!D5) / Indexy_2015_100!D5 -> 0.0057251908 | E5: =(Indexy_2015_100!E6 - Indexy_2015_100!E5) / Indexy_2015_100!E5 -> -0.027455121 | F5: =(Indexy_2015_100!F6 - Indexy_2015_100!F5) / Indexy_2015_100!F5 -> -0.010891089 | G5: =(Indexy_2015_100!G6 - Indexy_2015_100!G5) / Indexy_2015_100!G5 -> 0.034938621 | H5: =(Indexy_2015_100!H6 - Indexy_2015_100!H5) / Indexy_2015_100!H5 -> 0.049275362 | I5: =(Indexy_2015_100!I6 - Indexy_2015_100!I5) / Indexy_2015_100!I5 -> 0.028436019 | ... O5: =(Indexy_2015_100!O6 - Indexy_2015_100!O5) / Indexy_2015_100!O5 -> 0.027540361
A6: 2020 | B6: =(Indexy_2015_100!B7 - Indexy_2015_100!B6) / Indexy_2015_100!B6 -> 0.075134168 | C6: =(Indexy_2015_100!C7 - Indexy_2015_100!C6) / Indexy_2015_100!C6 -> 0.028880866 | D6: =(Indexy_2015_100!D7 - Indexy_2015_100!D6) / Indexy_2015_100!D6 -> -0.0037950664 | E6: =(Indexy_2015_100!E7 - Indexy_2015_100!E6) / Indexy_2015_100!E6 -> -0.029315961 | F6: =(Indexy_2015_100!F7 - Indexy_2015_100!F6) / Indexy_2015_100!F6 -> 0.036036036 | G6: =(Indexy_2015_100!G7 - Indexy_2015_100!G6) / Indexy_2015_100!G6 -> 0.037408759 | H6: =(Indexy_2015_100!H7 - Indexy_2015_100!H6) / Indexy_2015_100!H6 -> 0.02854512 | I6: =(Indexy_2015_100!I7 - Indexy_2015_100!I6) / Indexy_2015_100!I6 -> 0.046082949 | ... O6: =(Indexy_2015_100!O7 - Indexy_2015_100!O6) / Indexy_2015_100!O6 -> 0.03142329
A7: 2021 | B7: =(Indexy_2015_100!B8 - Indexy_2015_100!B7) / Indexy_2015_100!B7 -> 0.084026622 | C7: =(Indexy_2015_100!C8 - Indexy_2015_100!C7) / Indexy_2015_100!C7 -> 0.027192982 | D7: =(Indexy_2015_100!D8 - Indexy_2015_100!D7) / Indexy_2015_100!D7 -> 0.082857143 | E7: =(Indexy_2015_100!E8 - Indexy_2015_100!E7) / Indexy_2015_100!E7 -> 0 | F7: =(Indexy_2015_100!F8 - Indexy_2015_100!F7) / Indexy_2015_100!F7 -> 0.0647343 | G7: =(Indexy_2015_100!G8 - Indexy_2015_100!G7) / Indexy_2015_100!G7 -> 0.025505717 | H7: =(Indexy_2015_100!H8 - Indexy_2015_100!H7) / Indexy_2015_100!H7 -> 0.057296329 | I7: =(Indexy_2015_100!I8 - Indexy_2015_100!I7) / Indexy_2015_100!I7 -> 0.0061674009 | ... O7: =(Indexy_2015_100!O8 - Indexy_2015_100!O7) / Indexy_2015_100!O7 -> 0.039426523
A8: 2022 | B8: =(Indexy_2015_100!B9 - Indexy_2015_100!B8) / Indexy_2015_100!B8 -> 0.062931696 | C8: =(Indexy_2015_100!C9 - Indexy_2015_100!C8) / Indexy_2015_100!C8 -> 0.18872758 | D8: =(Indexy_2015_100!D9 - Indexy_2015_100!D8) / Indexy_2015_100!D8 -> 0.17854002 | E8: =(Indexy_2015_100!E9 - Indexy_2015_100!E8) / Indexy_2015_100!E8 -> 0.026845638 | F8: =(Indexy_2015_100!F9 - Indexy_2015_100!F8) / Indexy_2015_100!F8 -> 0.18602541 | G8: =(Indexy_2015_100!G9 - Indexy_2015_100!G8) / Indexy_2015_100!G8 -> 0.12092624 | H8: =(Indexy_2015_100!H9 - Indexy_2015_100!H8) / Indexy_2015_100!H8 -> 0.054191363 | I8: =(Indexy_2015_100!I9 - Indexy_2015_100!I8) / Indexy_2015_100!I8 -> 0.16725044 | ... O8: =(Indexy_2015_100!O9 - Indexy_2015_100!O8) / Indexy_2015_100!O8 -> 0.15086207
A9: 2023 | B9: =(Indexy_2015_100!B10 - Indexy_2015_100!B9) / Indexy_2015_100!B9 -> 0.065703971 | C9: =(Indexy_2015_100!C10 - Indexy_2015_100!C9) / Indexy_2015_100!C9 -> 0.16738506 | D9: =(Indexy_2015_100!D10 - Indexy_2015_100!D9) / Indexy_2015_100!D9 -> -0.0082089552 | E9: =(Indexy_2015_100!E10 - Indexy_2015_100!E9) / Indexy_2015_100!E9 -> 0.032679739 | F9: =(Indexy_2015_100!F10 - Indexy_2015_100!F9) / Indexy_2015_100!F9 -> 0.11017598 | G9: =(Indexy_2015_100!G10 - Indexy_2015_100!G9) / Indexy_2015_100!G9 -> 0.11629686 | H9: =(Indexy_2015_100!H10 - Indexy_2015_100!H9) / Indexy_2015_100!H9 -> 0.034538153 | I9: =(Indexy_2015_100!I10 - Indexy_2015_100!I9) / Indexy_2015_100!I9 -> 0.11627907 | ... O9: =(Indexy_2015_100!O10 - Indexy_2015_100!O9) / Indexy_2015_100!O9 -> 0.1071161
A10: 2024 | B10: =(Indexy_2015_100!B11 - Indexy_2015_100!B10) / Indexy_2015_100!B10 -> 0.051490515 | C10: =(Indexy_2015_100!C11 - Indexy_2015_100!C10) / Indexy_2015_100!C10 -> 0.035692308 | D10: =(Indexy_2015_100!D11 - Indexy_2015_100!D10) / Indexy_2015_100!D10 -> 0.018058691 | E10: =(Indexy_2015_100!E11 - Indexy_2015_100!E10) / Indexy_2015_100!E10 -> 0.020042194 | F10: =(Indexy_2015_100!F11 - Indexy_2015_100!F10) / Indexy_2015_100!F10 -> 0.025499655 | G10: =(Indexy_2015_100!G11 - Indexy_2015_100!G10) / Indexy_2015_100!G10 -> 0.029472241 | H10: =(Indexy_2015_100!H11 - Indexy_2015_100!H10) / Indexy_2015_100!H10 -> 0.045031056 | I10: =(Indexy_2015_100!I11 - Indexy_2015_100!I10) / Indexy_2015_100!I10 -> -0.023521505 | ... O10: =(Indexy_2015_100!O11 - Indexy_2015_100!O10) / Indexy_2015_100!O10 -> 0.02368065
A11: 2025 | B11: =(Indexy_2015_100!B12 - Indexy_2015_100!B11) / Indexy_2015_100!B11 -> 0.039304124 | C11: =(Indexy_2015_100!C12 - Indexy_2015_100!C11) / Indexy_2015_100!C11 -> 0.017231135 | D11: =(Indexy_2015_100!D12 - Indexy_2015_100!D11) / Indexy_2015_100!D11 -> -0.0081300813 | E11: =(Indexy_2015_100!E12 - Indexy_2015_100!E11) / Indexy_2015_100!E11 -> 0.018614271 | F11: =(Indexy_2015_100!F12 - Indexy_2015_100!F11) / Indexy_2015_100!F11 -> -0.018817204 | G11: =(Indexy_2015_100!G12 - Indexy_2015_100!G11) / Indexy_2015_100!G11 -> 0.025965379 | H11: =(Indexy_2015_100!H12 - Indexy_2015_100!H11) / Indexy_2015_100!H11 -> 0.047548291 | I11: =(Indexy_2015_100!I12 - Indexy_2015_100!I11) / Indexy_2015_100!I11 -> 0.042670337 | ... O11: =(Indexy_2015_100!O12 - Indexy_2015_100!O11) / Indexy_2015_100!O11 -> 0.024454726
A14: Korelace (Bydlení vs. Osobní péče): | D14: =CORREL(C2:C11, G2:G11) -> 0.9906223
